fold,epoch,accuracy,avg_train_loss,avg_val_loss,time(seconds),best_score
1,1,0.833582461,0.5774,0.4927,771,0.8336
1,2,0.85426009,0.4827,0.4484,761,0.8543
1,3,0.870951669,0.4458,0.4131,759,0.871
1,4,0.875685102,0.4407,0.4002,759,0.8757
1,5,0.863976084,0.4216,0.4006,758,0.8757
