fold,epoch,accuracy,avg_train_loss,avg_val_loss,time(seconds),best_score
2,1,0.84404584,0.5845,0.4478,761,0.844
2,2,0.845789736,0.4797,0.4503,763,0.8458
2,3,0.859990035,0.4552,0.441,760,0.86
2,4,0.861733931,0.4336,0.3887,759,0.8617
2,5,0.858495267,0.4107,0.4249,760,0.8617
