fold,epoch,accuracy,avg_train_loss,avg_val_loss,time(seconds),best_score
3,1,0.854858856,0.5821,0.4743,759,0.8549
3,2,0.841368973,0.4759,0.4664,760,0.8568
3,3,0.859105671,0.4471,0.4271,759,0.8591
3,4,0.872595553,0.4325,0.3738,760,0.8726
3,5,0.85335998,0.4191,0.4173,759,0.8726
