fold,epoch,accuracy,avg_train_loss,avg_val_loss,time(seconds),best_score
4,1,0.868709517,0.5933,0.4113,760,0.8687
4,2,0.887643249,0.483,0.3554,759,0.8876
4,3,0.876432486,0.4515,0.3562,759,0.8685
4,4,0.879671151,0.4389,0.3487,760,0.8675
4,5,0.87593423,0.4302,0.3719,760,0.8876
